item_no,price,rating,title
199935,99.83,3.6,NEMO Tensor Ultralight Insulated Sleeping Pad
200660,86.93,4.0,Mountain Summit Gear Aluminum Folding Picnic Table
163037,174.83,4.6,NEMO Disco 15 Sleeping Bag - Women's
230609,13.73,4.0,Sea to Summit X-Brew Coffee Dripper
233808,22.49,4.8,YETI Rambler Vacuum Pint Glass with MagSlider Lid
233341,19.73,0.0,Osprey Hydraulics Reservoir Cleaning Kit
148117,6.83,4.3,REI Co-op Quickflow Pump Sack
208257,299.99,4.1,Garmin inReach Mini 2
217992,98.83,4.6,REI Co-op Outward Hammock
227458,799.99,4.7,Garmin epix Pro (Gen 2) Sapphire Edition
228406,799.99,4.8,Garmin fenix 7X Pro Sapphire Solar Edition
189402,230.93,2.8,Eureka NoBugZone 3-in-1 Shelter
211630,599.99,4.6,Garmin fenix 7 Sapphire Solar Multisport GPS Watch
228402,699.99,4.7,Garmin fenix 7 Pro Sapphire Solar Edition
227457,699.99,4.4,Garmin epix Pro (Gen 2) Standard Edition
187507,115.93,4.6,Kelty Cosmic 20 Sleeping Bag - Men's
202760,48.69,4.6,Black Diamond Spot 400-R Headlamp
216799,249.99,4.0,Garmin inReach Messenger
211113,89.99,4.2,Shokz OpenRun Headphones
202774,37.39,4.3,Black Diamond Spot 400 Headlamp
202771,56.19,4.4,Black Diamond Storm 500-R Headlamp
211628,599.99,4.6,Garmin epix (Gen 2) Sapphire Multisport GPS Watch
228404,699.99,4.6,Garmin fenix 7S Pro Sapphire Solar Edition
211693,599.99,4.4,Garmin fenix 7S Sapphire Solar Multisport GPS Watch
211694,499.99,4.1,Garmin fenix 7S Solar Multisport GPS Watch
228403,599.99,5.0,Garmin fenix 7 Pro Solar Edition
227244,499.99,3.8,Garmin GPSMAP 67i
211691,499.99,4.4,Garmin fenix 7 Solar Multisport GPS Watch
200319,169.99,4.2,Garmin Forerunner 55
216795,399.99,4.5,Garmin Forerunner 955
213170,3.73,4.3,Sunday Afternoons UVShield Cool Face Mask
213202,5.73,4.4,Sunday Afternoons UVShield Cool Face Mask - Package of 2
232034,3.73,0.0,GSI Outdoors 12 fl. oz Cup
186918,104.89,4.8,Kelty Low Loveseat
216794,299.99,4.3,Garmin Forerunner 255S Music
111306,9.83,0.0,Osprey IsoForm5 CM Custom Moldable Hipbelt - Women's
227752,9.73,3.0,PackTowl Luxe Face Towel
731088,8.93,3.7,Hotronic Heat-Ready Insoles
234098,239.99,0.0,Solo Stove Bonfire Fire Pit with Stand 2.0
231017,6.73,3.0,Esbit Emergency Stove with 3 Fuel Cubes
211507,359.89,4.9,Black Diamond Recon X Avy Safety Set
232064,3.73,0.0,GSI Outdoors Infinity Bowl
228405,599.99,4.6,Garmin fenix 7S Pro Solar Edition
211629,449.99,4.4,Garmin fenix 7 Multisport GPS Watch
211505,279.89,4.3,Black Diamond Recon X Avalanche Beacon
123402,22.39,4.2,Black Diamond Wiz Headlamp - Kids'
187510,44.89,4.2,Kelty Catena 30 Sleeping Bag
202290,202.39,4.4,Kelty Discovery Basecamp Bundle
211702,299.99,4.3,Garmin Instinct 2 Solar GPS Watch
202773,26.19,4.4,Black Diamond Cosmo 350 Headlamp
193019,51.93,4.4,REI Co-op Kindercone 25 Sleeping Bag - Kids'
163568,399.99,3.3,Garmin GPSMAP 66i
216796,499.99,4.5,Garmin Forerunner 955 Solar
114890,44.89,4.6,MSR PocketRocket 2 Stove
196805,479.89,4.8,Black Diamond Guide Avy Safety Set
149913,87.39,4.5,Eureka Ignite 2-Burner Camp Stove
161619,104.99,4.8,Stanley Even-Heat Camp Pro Cookset
153329,174.99,4.7,The North Face Dolomite One Duo Sleeping Bag
199934,89.83,3.9,NEMO Tensor Ultralight Sleeping Pad
211695,599.99,4.6,Garmin fenix 7X Solar Multisport GPS Watch
112873,1.93,4.6,Sweetwood Fatty Meat Stick
216303,89.99,4.6,Shokz OpenRun Mini Headphones
213169,1.73,5.0,Sunday Afternoons Artist Series Face Mask - Kids'
195146,103.93,4.7,Rumpl Sherpa Fleece Puffy Blanket
149217,62.99,4.5,Stanley Adventure Base Camp Cookset 4
218562,109.93,4.7,Osprey Skarab 30 Hydration Pack - Men's
149219,52.49,4.0,Stanley Classic Vacuum French Press - 48 fl. oz.
217617,104.99,4.3,Shokz OpenSwim MP3 Player
147419,280.00,4.8,Deuter Kid Comfort Active SL Child Carrier - Women's
184942,99.93,4.4,Osprey Talon 11 Pack - Men's
830342,149.89,4.4,MSR WhisperLite Universal Backpacking Stove
184947,139.93,4.7,Osprey Tempest 30 Pack - Women's
228407,699.99,4.7,Garmin fenix 7X Pro Solar Edition
193589,59.95,4.6,REI Co-op Flannel/Fleece Blanket
201808,67.49,4.3,CamelBak Cloud Walker 18 Hydration Pack
204308,153.99,4.6,The North Face Stormbreak 3 Tent
149914,111.89,4.5,Eureka Ignite Plus 2-Burner Camp Stove
135669,399.89,4.5,Black Diamond Guide BT Avalanche Beacon
207637,6.93,4.0,Noso National Park Patch
220674,7.93,2.5,Coghlan's Camper's S'mores Grill
126514,239.89,5.0,Kelty Journey PerfectFIT Signature Child Carrier
179537,45.39,4.5,Eureka SPRK+ Butane Camp Stove
106902,89.89,4.7,MSR PocketRocket Stove Kit
207234,5.93,4.3,Alpine Provisions Body Wipes
200337,9.69,0.0,CamelBak Replacement Reservoir Activated Carbon Filters - Package of 2
202759,41.19,4.6,Black Diamond Cosmo 350-R Headlamp
171706,9.49,5.0,"NRS 1' x 1"" Heavy-Duty Strap - Package of 2"
108375,8.99,4.2,CamelBak Crux Reservoir On/Off Valve
193018,51.93,4.2,REI Co-op Kindercamp 40 Sleeping Bag - Kids'
637547,5.59,4.9,CamelBak Big Bite Valve
230063,30.69,5.0,Stanley Adventure Flask Set
187617,134.95,3.4,Neso Sidelines Grande Sunshade
204932,119.99,4.6,Coleman Cascade 328 3-Burner Camp Stove
849683,7.39,3.0,MSR Handheld Piezo Igniter
162675,599.99,3.0,Garmin Overlander GPS All-Terrain Navigation Device
709998,5.59,4.1,CamelBak Bite Valve Cover
185725,33.69,4.4,Stanley Pour Over Set
153328,122.49,3.9,The North Face Dolomite One Sleeping Bag
229114,91.73,0.0,Dragon Kodiak Sunglasses
227754,44.99,4.2,JBL Clip 4 Eco Speaker
229121,169.73,0.0,Dragon Tracer X Sunglasses
229113,91.73,0.0,Dragon Eden Sunglasses
229115,91.73,0.0,Dragon Kodiak Sunglasses
202751,125.29,4.4,The North Face Cat's Meow 20 Eco Sleeping Bag
202473,138.69,3.8,Kelty Backroads Shelter
229122,99.73,0.0,Dragon Wilder LL Sunglasses
198733,119.99,4.3,JBL Charge 5 Portable Speaker
234174,159.73,0.0,Granite Gear Perimeter 35 Pack
202211,127.39,3.7,Kelty Galactic 30 Sleeping Bag
204840,127.49,4.3,Coleman Cascade 222 2-Burner Camp Stove
230061,26.99,4.5,Stanley Perfect-Brew Travel French Press Vacuum Mug
232453,36.73,0.0,Big Agnes Goosenest Cot Single-Wide Accessory Cover
228960,16.73,4.7,Outdoor Research PackOut Graphic Stuff Sack - 15 L
228744,18.69,4.8,Black Diamond Moji Lantern
179538,97.89,4.4,Eureka SPRK Camp Grill
187693,230.89,3.7,Eureka Copper Canyon LX 6-Person Tent
218023,66.93,4.5,Gregory Nano 22 H2O Hydration Pack
177574,119.93,4.2,Osprey Tempest 20 Pack - Women's
218021,79.95,4.7,Gregory Nano 18 H2O Hydration Pack
218558,130.00,4.5,Osprey Hikelite 26 Pack
194745,412.99,4.4,The North Face Inferno 0 Sleeping Bag
189399,349.89,3.5,Eureka Copper Canyon LX 8-Person Tent
177573,160.00,4.5,Osprey Talon 22 Pack - Men's
171376,89.89,4.6,Kelty Cabana Shelter
883480,142.49,3.7,Coleman Guide Series Dual-Fuel 2 Burner Stove
108365,29.19,3.7,CamelBak Crux 3L Reservoir - 3 Liters
147418,199.93,4.6,Deuter Kid Comfort Active Child Carrier
216203,209.93,4.1,NEMO Stargaze Reclining Camp Chair
144789,208.73,2.3,Mountainsmith Cottonwood 6-Person Tent
230062,28.49,4.8,Stanley Adventure To-Go Food Jar and Spork
128868,164.89,4.4,MSR WindBurner Duo Stove System
890802,142.39,4.5,MSR WindBurner Stove System
205565,151.73,0.0,Mountain Equipment Nova II Sleeping Bag - Men's Long
205566,201.73,0.0,Mountain Equipment Nova II Sleeping Bag - Women's
202472,142.39,4.2,Kelty Discovery Basecamp 6 Tent
187691,188.89,4.1,Eureka Copper Canyon LX 4-Person Tent
207723,45.49,4.7,The North Face Wawona 6 Footprint
213013,163.73,1.0,Komperdell Cross Stick Trekking Poles - Pair
195085,59.89,4.1,Black Diamond Sprinter 500 Headlamp
205575,116.73,0.0,Mountain Equipment Starlight I Sleeping Bag - Women's Long
709002,142.39,4.6,MSR DragonFly Backpacking Stove
229112,99.73,0.0,Dragon Drac Sunglasses
225708,44.89,4.1,Black Diamond Deploy 325 Headlamp
221153,"1,839.89",0.0,Thule Approach Tent - Small
213476,56.73,0.0,ALPS Mountaineering Adventure Chair
126513,262.39,4.9,Kelty Journey PerfectFIT Elite Child Carrier
228991,18.73,5.0,Outdoor Research PackOut Graphic Stuff Sack - 20 L
205583,90.73,0.0,Mountain Equipment Lunar I Sleeping Bag - Women's Long
228959,15.73,5.0,Outdoor Research PackOut Graphic Stuff Sack - 10 L
202756,22.39,4.6,Black Diamond BD 1500 Rechargeable Battery and Charger
202775,44.89,3.3,Black Diamond Storm 450 Headlamp
228992,24.73,5.0,Outdoor Research PackOut Graphic Stuff Sack - 35 L
232454,59.73,0.0,Big Agnes Goosenest Cot Double-Wide Accessory Cover
233759,44.73,0.0,Tifosi Slice Sunglasses
194746,454.99,3.8,The North Face Inferno -20 Sleeping Bag
201314,220.00,3.5,Osprey Sirrus 36 Pack - Women's
205762,96.93,0.0,Deuter Fox 40 + 4L Pack - Kids'
218024,66.93,4.5,Gregory Nano 22 H2O Hydration Pack - Plus Size
225709,149.89,5.0,Black Diamond Distance 1500 Headlamp
830341,119.89,4.6,MSR WhisperLite International Backpacking Stove
225359,89.99,4.4,JBL Flip 6 Speaker
216645,96.93,4.3,Arc'teryx Aerios 15 Pack - Men's
130162,48.93,4.4,CGear Multimats Sandlite Sand-Free Mat
204310,279.99,4.3,The North Face Wawona 4 Tent
186919,59.89,4.4,Kelty Lowdown Chair
203710,56.19,4.8,Kelty Camp Galley Deluxe Bag
216646,141.93,3.9,Arc'teryx Aerios 30 Pack - Men's
177500,291.93,0.0,Osprey Ariel Plus 60 Pack - Women's
201311,220.00,3.2,Osprey Stratos 36 Pack - Men's
128867,78.69,4.6,MSR PocketRocket 2 Mini Stove Kit
201807,56.19,4.1,CamelBak Arete 18 Hydration Pack
153362,104.89,4.4,MSR PocketRocket Deluxe Stove Kit
184951,99.93,4.1,Osprey Tempest 9 Pack - Women's
184944,149.93,5.0,Osprey Talon 36 Pack - Men's
202772,14.89,4.7,Black Diamond Astro 300 Headlamp
202758,29.89,4.6,Black Diamond Astro 300-R Headlamp
189030,"1,599.89",3.9,Thule Tepui Foothill Tent
177571,306.93,5.0,Osprey Ariel Plus 70 Pack - Women's
232065,3.73,0.0,GSI Outdoors Infinity Divided Plate
207721,482.99,5.0,The North Face Mountain 25 Tent with Footprint - 2022
154872,50.00,4.9,Deuter Schmusebar Pack - Kids'
202331,149.89,5.0,Kelty Lowdown Couch
148209,63.69,4.4,MSR PocketRocket Deluxe Stove
230078,149.99,4.0,Shokz OpenFit Headphones
232066,3.73,0.0,GSI Outdoors Infinity Mug
232038,4.73,2.5,GSI Outdoors Cup - 24 fl. oz.
204332,129.49,4.5,The North Face Stormbreak 2 Tent
211692,449.99,4.3,Garmin fenix 7S Multisport GPS Watch
869419,79.89,3.7,SPOT Trace
193085,178.73,2.0,ALPS Mountaineering Camp Creek 4 Tent
202471,93.69,3.3,Kelty Discovery Basecamp 4 Tent
184980,24.73,4.0,ALPS Mountaineering Camp Creek 4 Floor Saver Footprint
171318,16.49,4.4,CamelBak Reservoir Cleaning Kit
185042,22.73,0.0,ALPS Mountaineering Meramac 4 Floor Saver Footprint
232441,184.73,0.0,Big Agnes Deep Creek Tarp - Medium
230654,149.99,4.6,JBL Pulse 5 Speaker
229116,63.73,1.0,Dragon Melee Polarized Sunglasses
232040,11.73,0.0,GSI Outdoors Cascadian 1-Person Table Set
108366,24.69,3.9,CamelBak Crux 1.5L Reservoir - 1.5 Liters
231806,74.73,0.0,Black Diamond Shot 11 Pack
186191,224.89,4.3,MSR WindBurner Combo Stove System
187621,33.49,4.4,Eureka SPRK Camp Stove
108367,27.69,3.9,CamelBak Crux 2L Reservoir - 2 Liters
232455,17.73,0.0,Big Agnes Trash Can Pack Accessory
217288,127.49,3.3,CamelBak Octane 22 Hydration Pack
203769,51.73,3.8,Exped Mira II HL Footprint
229119,63.73,5.0,Dragon Rune Sunglasses
229126,68.73,0.0,Dragon Juniper Sunglasses
225357,69.99,3.6,JBL Endurance Peak 3 Earbuds
187551,33.69,3.5,Kelty Mistral SI Sleeping Pad
191520,535.19,4.0,Yakima RoadShower Portable Shower - 10 gal.
232063,22.73,0.0,GSI Outdoors Infinity 1-Person Table Set
229110,91.73,0.0,Dragon Count Sunglasses
783963,20.19,4.5,MSR Fuel Bottle - 30 fl. oz.
229120,91.73,0.0,Dragon Sparrow Sunglasses
229123,96.73,0.0,Dragon Baile Sunglasses
229117,99.73,0.0,Dragon Monarch XL Sunglasses
196359,34.73,2.4,Ledlenser MH5 Headlamp
205573,105.73,0.0,Mountain Equipment Starlight I Sleeping Bag - Men's Long
203771,29.89,4.9,Kelty Chef Roll Bag
185349,99.89,3.1,SPOT Gen4
227725,48.69,0.0,Black Diamond Orbiter 650 Lantern
205571,113.73,0.0,Mountain Equipment Starlight II Sleeping Bag - Women's Long
123401,52.39,4.3,Black Diamond Apollo Lantern
184978,37.73,0.0,ALPS Mountaineering Camp Creek Two-Room Floor Saver Footprint
170567,63.69,4.1,MSR Fusion Ceramic 2-Pot Set
213447,63.73,2.3,ALPS Mountaineering Flexcore Air Pad - XL
187692,279.89,4.4,Eureka Space Camp 4-Person Tent
172306,199.89,2.7,SPOT X with Bluetooth
205540,58.73,3.5,Trekmates Mountain Pod Emergency Shelter - L
232150,199.99,4.6,Skullcandy Crusher ANC 2 Sensory Bass Headphones
199159,135.73,2.5,Komperdell Carbon C3 Pro Compact Trekking Poles - Pair
232435,29.73,0.0,Big Agnes C Bar 2 Footprint
204313,31.49,5.0,The North Face Stormbreak 2 Footprint
185046,36.73,3.5,ALPS Mountaineering Meramac 6 Floor Saver Footprint
213435,21.73,0.0,ALPS Mountaineering Paragon 2 Footprint
188106,11.19,4.7,CamelBak Eddy+ Kids' Renew Water Bottle - 14 fl. oz.
231759,64.73,0.0,Mountain Hardwear ACI 3 Footprint
125248,142.39,4.6,MSR WindBurner Stove System - 1 Liter
148208,29.89,4.5,MSR Pika Teapot - 1 Liter
227894,35.73,1.0,Gregory 3D Hydro Trek Hydration Reservoir - 3 Liters
722001,157.39,4.6,MSR XGK EX Stove
213436,21.73,1.0,ALPS Mountaineering Trail Tent Footprint
229004,22.73,0.0,Outdoor Research PackOut Graphic Dry Bag - 15 L
216777,243.69,3.7,Kelty Caboose Tent
187740,108.69,4.8,Kelty Waypoint Car Tarp
232068,3.73,0.0,GSI Outdoors Infinity Serving Bowl
217286,104.99,5.0,CamelBak Fourteener 26 Hydration Pack - Men's
206596,699.99,4.5,Garmin fenix 7X Sapphire Solar Multisport GPS Watch
216792,299.99,4.2,Garmin Forerunner 255 Music
189217,54.99,3.8,Shokz OpenMove Headphones
232067,3.73,0.0,GSI Outdoors Infinity Plate
232069,3.73,5.0,GSI Outdoors Infinity Stacking Cup
232079,3.73,0.0,GSI Outdoors Pint Glass
213446,46.73,3.0,ALPS Mountaineering Flexcore Air Pad - Long
170641,52.39,4.8,MSR Ceramic Pot - 2.5 Liters
126512,202.39,4.0,Kelty Journey PerfectFIT Child Carrier
185074,20.73,0.0,ALPS Mountaineering Torrent Dry Bag - 20 Liter
174089,163.73,1.8,Mountainsmith Upland 6 Tent
193078,128.73,4.3,ALPS Mountaineering Mystique 2 Tent
232148,79.99,4.6,Skullcandy Rail ANC True Wireless Earbuds
229022,19.73,2.3,Klymit Pillow X
893628,59.89,4.3,Black Diamond Moji Charging Station/Lantern
205070,99.99,3.9,JBL Live 660NC Wireless Over-Ear Noise-Canceling Headphones
232072,16.73,0.0,GSI Outdoors MicroLite 350 Flip Vacuum Water Bottle - 12 fl. oz.
202474,97.39,3.4,Kelty Discovery H2GO Privacy Shelter
232062,24.73,4.0,GSI Outdoors Cascadian 4-Person Table Set
229002,19.73,5.0,Outdoor Research PackOut Graphic Dry Bag - 8 L
171812,17.49,5.0,"NRS 15' x 1"" Buckle Bumper Strap - Package of 2"
128866,93.69,3.8,MSR WindBurner Accessory Stock Pot
171809,127.89,4.5,NRS Master Strap Pack - Set of 22
205587,116.73,0.0,Mountain Equipment Transalp Down Sleeping Bag - Long
213489,108.73,3.5,Cedar Ridge Ironwood 5 Tent
223032,139.73,1.3,Big Agnes Mica Basin Camp Chair - XL
231018,20.73,4.3,Esbit Titanium Stove
151561,81.73,4.0,ALPS Mountaineering Baja 20 Pack
205572,121.73,0.0,Mountain Equipment Starlight I Sleeping Bag - Men's
217289,104.99,3.3,CamelBak Fourteener 24 Hydration Pack - Women's
213480,51.73,3.5,ALPS Mountaineering Eclipse Tic-Tac-Toe Table
184982,30.73,5.0,ALPS Mountaineering Camp Creek 6 Floor Saver Footprint
186179,74.89,4.8,MSR WindBurner Sauce Pot - 2.5 Liter
149216,27.99,4.2,Stanley Adventure Series Prep+Eat 9-Piece Frying Pan Set
229003,21.73,5.0,Outdoor Research PackOut Graphic Dry Bag - 10 L
205567,150.73,0.0,Mountain Equipment Nova II Sleeping Bag - Women's Long
171808,59.89,5.0,NRS Mini Strap Pack
843132,79.89,4.2,Thule 13-Foot Locking Straps - Package of 2
131197,86.73,3.6,Mountain Summit Gear Self-Inflating 3.5 Camp Pad - Extra Large
200338,31.49,4.3,CamelBak Reservoir Filter Kit
189406,34.89,4.0,Eureka Copper Canyon LX 6-Person Tent Footprint
234024,44.73,0.0,MPOWERD Luci Beam 2-in-1 Solar Headlamp and Flashlight
114923,13.39,4.5,MSR PanHandler Pot Lifter
193072,162.73,3.8,ALPS Mountaineering Acropolis 3 Tent
202476,26.19,4.1,Kelty Discovery Basecamp 6 Footprint
229815,279.73,4.8,Marmot WarmCube Quilt
232075,20.73,0.0,GSI Outdoors Microlite 720 Twist Vacuum Water Bottle - 24 fl. oz.
213492,41.73,4.5,Cedar Ridge Alloy 20 Sleeping Bag
233348,49.73,0.0,Osprey Heritage Waist Pack
188104,12.69,4.3,CamelBak Eddy+ Renew Water Bottle - 32 fl. oz.
233346,109.73,0.0,Osprey Heritage Scarab 30 Pack
234428,41.73,0.0,Cedar Ridge Venture Sleeping Pad
897576,86.19,5.0,MSR WindBurner Pot - 1.8 Liters
171804,18.29,0.0,"NRS 20' x 1"" Heavy-Duty Strap - Package of 2"
205578,77.73,2.0,Mountain Equipment Lunar II Sleeping Bag - Women's
205581,72.73,0.0,Mountain Equipment Lunar I Sleeping Bag - Men's Long
233345,134.73,0.0,Osprey Heritage Aether 30 Pack
189282,117.73,3.9,Alpine Mountain Gear Weekender Tent 6
185076,27.73,0.0,ALPS Mountaineering Torrent Dry Bag - 50 Liter
232452,224.73,0.0,Big Agnes Goosenest Inflatable Cot
205563,152.73,0.0,Mountain Equipment Nova IV Sleeping Bag - Women's Long
227895,82.73,0.0,Gregory Miwok 18 Pack - Men's Plus Size
232274,18.73,0.0,Princeton Tec Refuel Headlamp
233758,49.73,0.0,Tifosi Aethon Sunglasses
228464,22.73,4.3,Mazama Designs INTAKE Reservoir - 2 Liters
233342,21.73,3.3,Osprey Hydraulics LT Reservoir - 1.5 Liters
222695,133.73,0.0,Mountain Hardwear Lamina 30 Sleeping Bag - Women's Long
229023,12.73,4.0,Klymit V Seat
226971,170.73,2.3,Smith Attack MAG MTB ChromaPop Sunglasses
193030,95.73,4.0,ALPS Mountaineering Tour Pack
171850,111.73,4.1,Mountain Summit Gear Northwood Series II 1-Person Backpacking Tent
233487,29.73,0.0,Pepper's Mojo Polarized Sunglasses
230653,29.99,4.1,JBL Vibe Buds True Wireless Earbuds
233754,49.73,0.0,Tifosi Seek FC Sunglasses
184998,52.73,2.0,ALPS Mountaineering Dash Chair
227720,99.73,3.4,Coleman OneSource Heated Stadium Seat with Rechargeable Battery
227774,11.19,0.0,CamelBak Eddy+ Kids' Bite Valve and Straw Set
187990,11.99,4.5,CamelBak Chute Mag Renew Water Bottle - 25 fl. oz.
202536,74.89,3.5,Kelty Trash Pak
230602,27.73,0.0,Sea to Summit Mesh Stuff Sack - Set of 3
184981,208.73,3.4,ALPS Mountaineering Camp Creek 6 Tent
171811,16.69,4.8,"NRS 12' x 1"" Buckle Bumper Strap - Package of 2"
224001,132.73,0.0,Marmot Ultra Elite 30 Sleeping Bag - Men's Long
714949,37.39,4.8,MSR XGK Expedition Service Kit
171710,12.69,5.0,"NRS 6' x 1"" Heavy-Duty Strap - Package of 2"
212909,132.73,3.5,Komperdell Carbon Trail UL Vario Trekking Poles - Pair
213905,49.99,3.9,JBL Endurance Race TWS Active Spot Earbuds
229018,44.73,2.8,Klymit Static V Sleeping Pad
141510,37.73,3.0,Mountain Summit Gear 4-Person Enamel Tableware Set
232447,169.73,3.3,"Big Agnes Hinman Self-Inflating Sleeping Pad - 77 x 40 x 4"""
231476,43.73,0.0,Patagonia Organic Cotton Towel
205586,123.73,4.2,Mountain Equipment Transalp Down Sleeping Bag
213462,20.73,4.3,ALPS Mountaineering Reservoir 3.0 Hydration Reservoir - 3 Liters
213471,103.73,5.0,ALPS Mountaineering Camp Chair - 2022
205564,131.73,0.0,Mountain Equipment Nova II Sleeping Bag - Men's
213481,118.73,0.0,ALPS Mountaineering Utility Table
234175,174.73,0.0,Granite Gear Perimeter 50 Pack
213479,51.73,5.0,ALPS Mountaineering Eclipse Table
230606,41.73,4.0,Sea to Summit Ultra-Sil Dry Sack - Set of 3
189281,93.73,3.9,Alpine Mountain Gear Weekender Tent 4
227789,119.73,4.7,MSR Titan 2 Pot Set
883846,12.69,4.6,CamelBak Big Bite Valves - Package of 4
214932,104.73,4.3,Outdoor Research Warnick Sensor Gloves
230607,34.73,0.0,Sea to Summit Ultra-Sil Stuff Sack - Set of 3
185032,43.73,3.8,ALPS Mountaineering Getaway Chair
213473,148.73,0.0,ALPS Mountaineering Westwind Rocker Chair
229021,24.73,5.0,Klymit Pillow X - Large
174087,96.73,3.9,Mountainsmith Lichen Peak 1P Tent with Footprint
230938,489.73,3.0,Mountain Hardwear Outpost 2 Tent
213482,194.73,5.0,ALPS Mountaineering Iron Ridge Cook Station
199157,85.73,3.0,Komperdell Carbon Trailstick Trekking Poles - Pair
229041,54.73,0.0,Osprey Hydrajet 12 Hydration Pack - Kids'
227819,31.73,2.6,Gregory 3D Hydro Reservoir - 3 Liters
233484,29.73,0.0,Pepper's Freebird Polarized Sunglasses - Women's
229813,274.73,4.7,Marmot WarmCube Gallatin 20 Sleeping Bag
184983,238.73,3.5,ALPS Mountaineering Camp Creek 6 Two-Room Tent
229814,289.73,5.0,Marmot WarmCube Gallatin 20 Sleeping Bag - Long
205569,100.73,0.0,Mountain Equipment Starlight II Sleeping Bag - Men's Long
144832,108.73,3.8,Mountainsmith Upland 4P Tent
234212,104.73,4.9,The North Face Wawona Fuzzy Blanket
149101,63.73,3.1,ALPS Mountaineering Canyon 30 Pack
171982,169.73,3.7,Mountain Summit Gear Northwood Series II 4-Person Backpacking Tent
171847,62.73,3.7,Mountain Summit Gear Self-Inflating 2.5 Camp Pad - Large
230608,12.73,5.0,Sea to Summit X-Bowl
226981,179.73,0.0,Smith Monterey Polarized Sunglasses - Women's
232074,20.73,0.0,GSI Outdoors MicroLite 720 Flip Vacuum Water Bottle - 24 fl. oz.
142389,81.73,3.8,ALPS Mountaineering Hydro Trail 17 Pack
151569,59.73,4.4,ALPS Mountaineering Wavelength Blanket
220920,142.73,0.0,Gregory Amber 55 Pack - Women's
168378,106.73,3.6,ALPS Mountaineering Baja 60 Pack
233416,261.73,0.0,NEMO Disco 15 Sleeping Bag - Women's
213432,88.73,3.6,ALPS Mountaineering Trail Tent
232275,33.73,4.5,Princeton Tec Snap Solo RGB Headlamp
224007,149.73,0.0,Marmot Lozen 30 Sleeping Bag - Women's Long
222434,74.73,4.5,Gregory Maya 10 Pack - Women's
193029,117.73,4.6,ALPS Mountaineering Baja 40 Pack
233417,224.73,0.0,NEMO Disco 30 Sleeping Bag - Women's
184971,56.73,3.3,ALPS Mountaineering Aura +35 Sleeping Bag - Long
213448,104.73,4.7,ALPS Mountaineering Flexcore Air Pad - Double
227753,15.73,3.5,PackTowl Luxe Hand Towel
229024,79.73,0.0,Klymit Wild Aspen 20 Sleeping Bag
232443,184.73,3.7,Big Agnes Three Forks Shelter
205568,96.73,0.0,Mountain Equipment Starlight II Sleeping Bag - Men's
151568,59.73,3.6,ALPS Mountaineering Lightweight Cot
233485,29.73,0.0,Pepper's Carlita Polarized Sunglasses - Women's
213002,87.73,1.7,Komperdell Summit Carbon Trekking Poles - Pair
231022,12.73,0.0,UCO 4-Piece Mess Kit
234177,174.73,0.0,Granite Gear Perimeter 50 Pack - Women's
189513,50.73,4.2,Kinco Lined Heavy-Duty Premium Grain and Suede Pigskin Mittens with Knit Wrists
221157,279.89,0.0,Thule Approach Awning - Small/Medium
185080,125.73,3.7,ALPS Mountaineering Tri-Awning Elite Shade Shelter
234176,159.73,0.0,Granite Gear Perimeter 35 Pack - Women's
231453,27.99,4.9,Skullcandy Kilo Wireless Bluetooth Speaker
232273,29.73,0.0,Princeton Tec Snap Solo Headlamp
401133,18.69,4.4,MSR Alpine Stowaway Pot - 0.775 Liters
228463,18.73,3.7,Mazama Designs INTAKE LT Reservoir - 2 Liters
233756,49.73,0.0,Tifosi Podium XC Sunglasses
231454,41.99,4.9,Skullcandy Terrain Wireless Bluetooth Speaker
215913,59.99,4.2,Skullcandy Push Active True Wireless Sport Earbuds
223008,199.73,0.0,Big Agnes Sidewinder SL 35 Sleeping Bag - Women's
232070,24.73,0.0,GSI Outdoors MicroLite 1000 Twist Vacuum Water Bottle - 32 fl. oz.
232442,224.73,0.0,Big Agnes Deep Creek Tarp
202975,42.69,3.3,CamelBak Fusion 3 L Reservoir
202977,41.19,3.8,CamelBak Fusion 2 L Reservoir
205515,78.73,2.5,Mountain Equipment Classic Comfort 3.8 Sleeping Pad
205574,132.73,4.0,Mountain Equipment Starlight I Sleeping Bag - Women's
227724,33.69,0.0,Black Diamond Orbiter 450 Lantern
230603,29.73,0.0,Sea to Summit Mosquito Pyramid Net Shelter
171846,48.73,3.5,Mountain Summit Gear Self-Inflating 1.5 Camp Sleeping Pad
401134,20.89,4.3,MSR Alpine Stowaway Pot - 1.1 Liters
206297,38.49,5.0,Stanley Even-Heat Essential Cookset
714947,37.39,5.0,MSR DragonFly Expedition Service Kit
208021,53.73,2.0,Trekmates Bomberlite Sleeping Pad
230655,55.99,2.2,JBL Wind 3 Speaker
189270,76.73,3.3,Alpine Mountain Gear Weekender Tent 3
202475,22.39,5.0,Kelty Discovery Basecamp 4 Footprint
171981,127.73,3.9,Mountain Summit Gear Northwood Series II 2-Person Backpacking Tent
213467,44.73,0.0,ALPS Mountaineering Rendezvous Chair - Salsa/Charcoal
229035,89.73,3.0,Osprey Skimmer 20 Hydration Pack - Women's
230937,699.73,0.0,Mountain Hardwear ACI 3 Tent
232450,184.73,2.5,Big Agnes Big Six Armchair
231816,284.73,0.0,Black Diamond Bipod Bivy
215734,247.73,5.0,Gregory Deva 70 Pack - Women's
234492,89.73,0.0,Leki Legend Black Carbon Walking Staff - Single
223004,190.73,5.0,Big Agnes Torchlight 20 Sleeping Bag - Women's
227818,29.73,3.7,Gregory 3D Hydro Reservoir - 2 Liters
213014,168.73,3.7,Komperdell Cross Stick Compact Trekking Poles - Pair
206515,119.19,5.0,Yakima OpenRange Wood Side Table
227717,59.73,0.0,Coleman EasyStay Lite Single High Airbed with Pump - Queen
233755,44.73,5.0,Tifosi Podium XC Sunglasses
230610,14.73,4.0,Sea to Summit XL-Bowl
207803,29.73,0.0,Hydro Flask Standard-Mouth Water Bottle with Flex Cap - 24 fl. oz.
232438,224.73,5.0,Big Agnes Dog House 4 Tent
232445,149.73,0.0,"Big Agnes Hinman Self-Inflating Sleeping Pad - 78 x 50 x 2.5"""
231797,14.73,1.0,Black Diamond Ion Keychain Light
214927,59.73,4.0,Outdoor Research Deerskin Merino Work Gloves
213443,123.73,0.0,ALPS Mountaineering Zenith 30 Sleeping Bag - 2022 - Long
232056,129.73,5.0,FORE WINDS Luxe Camp Stove
226970,136.73,4.5,Smith Leadout PivLock ChromaPop Sunglasses
174088,108.73,4.0,Mountainsmith Lichen Peak 2P Tent with Footprint
224000,123.73,4.0,Marmot Ultra Elite 30 Sleeping Bag - Men's
163085,63.73,3.5,ALPS Mountaineering Camp Table
232448,149.73,5.0,Big Agnes Big Six Camp Chair
232440,299.73,0.0,Big Agnes Sand Wash Car Tarp
200490,36.73,4.0,OllyDog Rover Dog Pack
227878,98.73,5.0,Zempire Roco Lounger V2 Camping Chair
229012,139.73,0.0,Klymit Insulated Hammock V Sleeping Pad
228759,104.73,3.8,Klymit Double V Sleeping Pad
229358,89.73,3.0,SILKY NATA Double-Edge Hatchet/Machete
229039,74.73,0.0,Osprey Skimmer 16 Hydration Pack - Women's
188101,12.69,4.5,CamelBak Chute Mag Renew Water Bottle - 32 fl. oz.
223011,139.73,3.6,Big Agnes Sunbeam 15 Sleeping Bag - Women's
207806,23.73,5.0,Hydro Flask Wide-Mouth Vacuum Water Bottle - 20 fl. oz.
231800,59.73,5.0,Black Diamond Moji Charging Station Lantern
222451,247.73,4.5,Gregory Baltoro 75 Pack - Men's
189407,41.89,4.2,Eureka Space Camp 4-Person Tent Footprint
171810,15.89,4.7,"NRS 9' x 1"" Buckle Bumper Strap - Package of 2"
206512,63.19,0.0,Yakima EXO RoadShower Adapter Kit
171707,10.29,5.0,"NRS 2' x 1"" Heavy-Duty Strap - Package of 2"
184794,67.39,3.8,"MSR WindBurner Ceramic 8"" Skillet"
182536,47.99,5.0,"Yakima RoadShower FlexHead Shower Accessory - 30"""
843133,71.89,4.4,Thule 10-Foot Locking Straps - Package of 2
202535,14.89,4.7,Kelty Litter G'tter Trash Can
229034,109.73,0.0,Osprey Skimmer 28 Hydration Pack - Women's
232896,23.73,0.0,Hydro Flask Coffee Cup with Flex Sip Lid - 16 fl. oz.
193046,173.73,4.4,ALPS Mountaineering Caldera 90 Pack
174362,109.93,2.0,Thule Tepui Anti-Condensation Mat - Autana 4
222452,208.73,4.5,Gregory Deva 60 Pack - Women's
227892,112.73,4.5,Gregory Juno 24 H2O Hydration Pack - Women's
205539,43.73,3.0,Trekmates Mountain Pod Emergency Shelter - M
223999,145.73,0.0,Marmot Ultra Elite 20 Sleeping Bag - Men's Long
182537,15.99,2.5,Yakima RoadShower On-Off Elbow
220675,14.93,4.4,Coghlan's Picnic Table Cover
226984,40.73,5.0,BioLite HeadLamp 330
188103,11.99,3.8,CamelBak Eddy+ Renew Water Bottle - 25 fl. oz.
226174,79.73,4.4,Exped Versa 2R Sleeping Pad
222685,147.73,3.7,Mountain Hardwear Lamina 0 Sleeping Bag - Women's
174091,118.73,3.5,Mountainsmith Morrison 3 Tent with Footprint
226972,199.73,5.0,Smith Shift MAG ChromaPop Sunglasses
171801,13.49,5.0,"NRS 9' x 1"" Heavy-Duty Strap - Package of 2"
171802,14.29,0.0,"NRS 12' x 1"" Heavy-Duty Strap - Package of 2"
190390,11.89,1.0,"NRS 4' x 1"" Loop Straps - Package of 2"
182535,39.99,3.0,"Yakima RoadShower FlexHead Shower Accessory - 19"""
222460,141.73,4.8,Gregory Jade 38 Pack - Women's
227467,104.73,5.0,Leki Civetta Pro Trekking Poles - Pair
222462,141.73,4.5,Gregory Zulu 40 Pack - Men's
229033,89.73,4.0,Osprey Skarab 22 Hydration Pack - Men's
213474,148.73,5.0,ALPS Mountaineering Rocking Chair - 2022
229015,189.73,0.0,Klymit Klymaloft Sleeping Pad - Double
222458,119.73,4.7,Gregory Zulu 30 Pack - Men's - S/M
229031,134.73,5.0,Osprey Kyte 36 Pack - Women's
229026,149.73,4.9,Osprey Kestrel 48 Pack - Men's
183130,76.73,4.4,Klymit 20F Synthetic Sleeping Bag
227462,109.73,2.4,Leki Khumbu FX TA Trekking Poles - Pair
227817,186.73,4.0,Gregory Zulu 65 Pack - Men's
114983,26.19,4.4,MSR WindBurner Coffee Press - 1.8 Liter
189408,48.89,4.3,Eureka Space Camp 6-Person Tent Footprint
190392,14.29,5.0,"NRS 9' x 1"" Loop Straps - Package of 2"
227814,164.73,4.6,Gregory Jade 53 Pack - Women's
207804,32.73,0.0,Hydro Flask Wide-Mouth Vacuum Water Bottle with Flex Cap - 32 fl. oz.
229038,74.73,0.0,Osprey Skarab 18 Hydration Pack - Men's
147499,14.73,0.0,MPOWERD Luci Candle Lantern
231019,15.73,4.6,Morakniv Companion Fixed-Blade Outdoor Knife
227463,109.73,5.0,Leki Jannu FX TA Trekking Poles - Pair - Women's
233343,24.73,2.0,Osprey Hydraulics LT Reservoir - 2.5 Liters
227815,186.73,5.0,Gregory Jade 63 Pack - Women's
222453,227.73,4.5,Gregory Deva 70 Pack - Women's
213004,56.73,3.2,Komperdell Alpinist Powerlock Foam Trekking Poles - Pair
205299,235.73,4.4,Zempire Trilogy Tent
183194,86.73,2.9,Komperdell Carbon Trailstick C4 Vario Trekking Poles - Pair
224006,137.73,3.7,Marmot Lozen 30 Sleeping Bag - Women's
144831,85.73,4.3,Mountainsmith Upland 2-Person Tent
229014,69.73,3.4,Klymit Insulated Static V Sleeping Pad
229019,179.73,5.0,Klymit Cross Canyon 3 Tent
207809,36.73,0.0,Hydro Flask Wide-Mouth Vacuum Water Bottle with Flex Cap - 40 fl. oz.
227816,164.73,4.8,Gregory Zulu 55 Pack - Men's
223016,124.73,5.0,Big Agnes Torchlight Camp 20 Sleeping Bag - Women's
229129,164.73,4.4,NEMO Forte 20 Sleeping Bag - Women's Long
213450,148.73,4.8,ALPS Mountaineering Outback Mat - XL
213442,125.73,4.5,ALPS Mountaineering Zenith 30 Sleeping Bag - 2022
229027,149.73,4.5,Osprey Kyte 46 Pack - Women's
232613,79.73,3.0,Grayl GeoPress Water Filter and Purifier Bottle - 24 fl. oz. - Generation 1 - Discontinued
825305,10.93,5.0,Hotronic Semi Custom Heat Ready Insoles
846421,11.93,0.0,Osprey BioForm4 Shoulder Straps - Men's
216523,90.99,4.8,The North Face Wawona Bed 20 Sleeping Bag
232446,184.73,4.2,"Big Agnes Hinman Self-Inflating Sleeping Pad - 78 x 50 x 4"""
229011,124.73,0.0,Klymit Klymit Insulated V Sleeping Pad - Double
229816,299.73,4.3,Marmot Limestone 4P Tent
229030,69.73,4.2,Osprey Hikelite 18 Pack
233415,261.73,2.0,NEMO Disco 15 Sleeping Bag - Men's
222459,119.73,4.6,Gregory Jade 28 Pack - Women's
213459,113.73,4.7,ALPS Mountaineering Abyss 55 Pack
222440,224.73,4.7,Gregory Baltoro 65 Pack - Men's
215733,199.73,4.6,Gregory Deva 60 Pack - Women's
233421,269.73,0.0,NEMO Aurora 3P Tent with Footprint
846430,10.83,0.0,Osprey IsoForm4 Shoulder Straps - Women's
204333,524.99,4.6,The North Face VE 25 Tent with Footprint - 2022
216524,139.29,4.8,The North Face Wawona Bed Double Sleeping Bag
150193,35.99,4.0,Yakima HD Hook Straps - Pair
206323,62.99,4.6,The North Face Wawona 8 Footprint
225446,47.19,0.0,Yakima EXO GearTotes - Set of 2
204314,31.49,4.8,The North Face Stormbreak 3 Footprint
206321,489.29,4.8,The North Face Wawona 8 Tent
846423,12.83,0.0,Osprey BioForm4 Shoulder Straps - Women's
216791,249.99,4.6,Garmin Forerunner 255
229032,109.73,4.8,Osprey Skarab 30 Hydration Pack - Men's
191519,447.19,3.0,Yakima RoadShower Portable Shower - 7 gal.
234493,139.73,0.0,Leki Micro Vario Carbon Trekking Poles - Pair - Women's
233379,149.73,0.0,NEMO Tensor Ultralight Insulated Sleeping Pad
233378,186.73,0.0,NEMO Tensor Alpine Air Insulated Sleeping Pad
231455,27.99,0.0,Skullcandy Terrain Mini Wireless Bluetooth Speaker
223012,164.73,4.5,Big Agnes Sunbeam 0 Sleeping Bag - Women's
232897,25.73,0.0,Hydro Flask Coffee Cup with Flex Sip Lid - 20 fl. oz.
221311,55.89,4.0,Thule Shoe Organizer
189405,27.89,4.7,Eureka Copper Canyon LX 4-Person Tent Footprint
171708,11.09,4.8,"NRS 3' x 1"" Heavy-Duty Strap - Package of 2"
205300,196.73,4.3,Zempire Zeus 2-Person Tent
108376,10.49,3.6,CamelBak High Flow Magnetic Tube Trap
171709,11.89,5.0,"NRS 4' x 1"" Heavy-Duty Strap - Package of 2"
142388,68.73,4.5,ALPS Mountaineering Hydro Trail 15 Pack
188102,14.19,4.4,CamelBak Chute Mag Renew Water Bottle - 50 fl. oz.
200336,51.69,3.7,CamelBak Crux 2L Reservoir with Filtration Kit - 2 Liters
171806,28.69,5.0,"NRS 12' x 1"" Heavy-Duty Strap - Package of 4"
171813,19.09,5.0,"NRS 20' x 1"" Buckle Bumper Strap - Package of 2"
232895,32.73,0.0,Hydro Flask Standard-Mouth Vacuum Water Bottle with Flex Straw Cap - 24 fl. oz.
206513,159.19,0.0,Yakima OpenRange Leg Kit
111307,11.83,0.0,Osprey IsoForm5 Pack Harness Shoulder Straps - Men's
108300,10.49,4.2,CamelBak Reservoir Dryer
233380,134.73,0.0,NEMO Tensor Ultralight Sleeping Pad
219197,41.93,4.6,REI Co-op Pride Flannel/Fleece Blanket
229817,369.73,5.0,Marmot Limestone 6P Tent
205323,138.73,4.5,Zempire 2-Burner Deluxe &amp; Grill High-Pressure Camping Stove
111308,11.83,0.0,Osprey IsoForm5 Pack Harness Shoulder Straps - Women's
145655,159.93,4.9,Gregory Wander 70 Pack - Kids'
184904,209.93,4.7,Mountain Hardwear PCT 50 L Pack - Women's
233420,224.73,4.6,NEMO Aurora 2P Tent with Footprint
199747,48.69,4.1,Kelty Mistral 40 Sleeping Bag
202757,22.39,4.2,Black Diamond Moji + Lantern
182980,24.93,0.0,Ursack Aluminum Bear Sack Liner - 15 Liters
168567,29.83,3.8,REI Co-op Flash Air 2 Footprint
206700,524.93,4.0,Osprey UNLTD AirScape 68 Pack - Women's
225041,29.93,0.0,Better Battery Co. Better Battery Pack
203244,79.93,4.3,Gregory Inertia 18 H2O Hydration Pack - Men's
147306,25.83,2.7,MSR Universal Footprint 1 Large
895693,21.93,3.3,Ursack Aluminum Bear Sack Liner - 10 Liters
177187,29.93,4.3,RovR Products HoldR Umbrella Support
216342,26.83,4.3,REI Co-op Flash 2 Footprint
147258,93.93,3.3,MSR E-Bivy
215678,41.93,0.0,FORE WINDS Eastern Grill Plate
206322,139.29,2.5,The North Face Wawona Front Porch Vestibule
200339,12.69,5.0,CamelBak Reservoir Gravity Kit
221160,119.89,0.0,Thule Anti-Condensation Mat - Small
187694,349.89,3.9,Eureka Space Camp 6-Person Tent
231456,55.99,0.0,Skullcandy Terrain XL Wireless Bluetooth Speaker
221158,143.89,0.0,Thule Anti-Condensation Mat - Large
221159,127.89,0.0,Thule Anti-Condensation Mat - Medium
190391,12.69,0.0,"NRS 6' x 1"" Loop Straps - Package of 2"
207902,25.93,0.0,SOL Flat Pack Gear Tub
108374,10.49,2.8,CamelBak Crux Replacement Tube
218851,81.93,5.0,IceMule Clear 15 L Cooler
147310,30.83,2.7,MSR Universal Footprint 3 Large
216320,21.83,5.0,REI Co-op Flash Air 1 Footprint
215677,44.93,5.0,FORE WINDS Savor Butane Stove
168206,27.93,3.8,REI Co-op Passage 2/Trail Hut 2/Groundbreaker 2 Footprint
149806,59.93,4.8,RovR Products Essentials Pack
205560,186.93,4.9,Deuter Aircontact Ultra 45 + 5 SL Pack - Women's
203246,79.93,4.7,Gregory Swift 16 H2O Hydration Pack - Women's
126710,299.93,4.0,Osprey Aether Pro 70 Pack - Men's
186660,229.93,4.9,Gregory Katmai 65 Pack - Men's
199745,55.93,3.1,Kelty Mistral 20 Sleeping Bag - Men's
205555,186.93,4.9,Deuter Aircontact Ultra 50 + 5 Pack - Men's
203247,89.93,4.3,Gregory Swift 22 H2O Hydration Pack - Women's
216643,186.93,4.2,Arc'teryx Aerios 45 Pack - Men's
193121,73.83,3.5,REI Co-op Trailgate Vehicle Shelter
166787,314.93,3.9,Mountain Hardwear AMG 105 Pack
201810,74.93,4.3,CamelBak Rim Runner X 20 Hydration Pack - Women's
184948,149.93,4.7,Osprey Tempest Pro 18 Pack - Women's
184953,66.93,4.6,Osprey Tempest 6 Waistpack - Women's
154460,134.93,4.1,Osprey Rook 50 Pack - Men's
187509,160.93,4.5,Kelty Cosmic 20 Sleeping Bag - Women's
204311,349.99,4.4,The North Face Wawona 6 Tent
202755,33.69,4.8,Black Diamond Moji R+ Lantern
202738,198.93,3.9,REI Co-op Trailgate Vehicle Sleeping Platform
171807,31.89,1.0,"NRS 15' x 1"" Heavy-Duty Strap - Package of 4"
171803,16.69,5.0,"NRS 15' x 1"" Heavy-Duty Strap - Package of 2"
171805,26.29,5.0,"NRS 9' x 1"" Heavy-Duty Straps - Package of 4"
229016,99.73,1.0,Klymit Static V Luxe SL Sleeping Pad
223992,197.73,0.0,Marmot Ollan 20 Sleeping Bag - Men's Long
213802,97.93,0.0,Komperdell Titanal EXP Pro Trekking Poles - Pair
216341,26.83,5.0,REI Co-op Flash Air 2 Footprint
184963,46.73,4.2,ALPS Mountaineering Adventure Chair
229127,137.73,0.0,Dragon Meridien Polarized Sunglasses
729005,27.93,4.0,Mombasa Nimbus Mosquito Net
229125,119.73,0.0,Dragon Baile XL Polarized Sunglasses
174080,64.73,1.0,Mountainsmith Antero +35 Sleeping Bag
232451,374.73,0.0,Big Agnes Goosenest Double-Decker Inflatable Cot
783962,17.19,4.7,MSR Fuel Bottle - 11 fl. oz.
108373,14.99,3.7,CamelBak Crux Insulated Tube
202753,139.29,0.0,The North Face Cat's Meow 20 Eco Sleeping Bag - Women's
233344,21.73,0.0,Osprey Hydraulics Lumbar Reservoir - 1.5 Liters
217287,112.49,4.3,CamelBak Octane 16 Hydration Pack
229118,169.73,0.0,Dragon Ridge X Sunglasses
227877,63.73,2.5,Zempire Kitpack Spike Table
168410,76.73,3.3,ALPS Mountaineering Oasis Sleeping Pad
814692,18.69,4.8,MSR Universal Fuel Canister Stand
207722,41.29,4.5,The North Face Wawona 4 Footprint
709004,41.19,3.2,MSR Standard Fuel Pump
601897,26.19,4.3,MSR Alpine Stowaway Pot - 1.6 Liters
233760,14.73,0.0,Tifosi Shirley Sunglasses - Women's
208306,229.99,4.2,JBL Xtreme 3 Portable Waterproof Speaker
232077,19.73,0.0,GSI Outdoors MicroLite 500 Twist Vacuum Water Bottle - 17 fl. oz.
232071,24.73,0.0,GSI Outdoors MicroLite 1000 Twist Vacuum Water Bottle - 32 fl. oz.
115071,29.89,4.1,MSR Quick Skillet
203863,34.89,4.6,Eureka Griddle
225821,49.99,3.7,JBL Tune Flex Earbuds
233347,104.73,0.0,Osprey Heritage Simplex 20 Pack
185031,95.73,2.6,ALPS Mountaineering Fusion 40 Sleeping Bag
186341,89.93,4.7,Deuter AC Lite 22 SL Pack - Women's
649902,48.93,4.6,MSR Titan Kettle
216636,109.93,0.0,Black Diamond Pursuit 15 Pack - Women's
186310,89.93,4.5,Deuter AC Lite 24 Pack - Men's
228562,23.93,4.9,Sea to Summit Tek Towel
201809,74.93,4.6,CamelBak Rim Runner X 22 Hydration Pack - Men's
206198,149.83,4.0,Big Agnes Garnet 60 L Pack - Women's
203245,89.93,4.2,Gregory Inertia 24 H2O Hydration Pack - Men's
223991,219.73,5.0,Marmot Ollan 20 Sleeping Bag - Men's
191518,359.19,3.1,Yakima RoadShower Portable Shower - 4 gal.
184999,43.73,2.8,ALPS Mountaineering Dash Table
191151,101.19,4.6,Kelty Sideroads Car Awning
229124,137.73,0.0,Dragon Baile XL H2O Polarized Sunglasses
154462,134.93,4.7,Osprey Renn 50 Pack - Women's
204792,41.19,4.5,MSR LowDown Remote Stove Adaptor
784303,18.69,4.7,MSR Fuel Bottle - 20 fl. oz.
228387,25.93,4.6,YETI Rambler Stackable Cup with Straw Lid - 26 fl. oz.
221434,48.93,0.0,CEP Max Support Compression Knee Sleeve
221097,5.83,2.9,Bark Doggone Fishin' Super Chewer Dog Toy
186663,209.93,4.6,Gregory Kalmia 50 Pack - Women's
215576,14.93,1.0,Moonstruck Hot Cocoa Sampler - Package of 6
216591,59.83,0.0,Exped Stormrunner 25 Pack
227741,18.93,4.9,Knockaround Premiums Polarized Sunglasses - Loud and Proud
187526,229.93,4.9,Gregory Katmai 65 Pack - Men's Plus Sizes
829844,24.93,4.3,MSR Reflective Utility Cord Kit
216637,54.93,4.0,Black Diamond Pursuit 6 Tech Waist Pack
219297,44.93,4.0,Coleman Kids' Wonder Lake 2-Person Tent
182806,23.93,4.7,Full Windsor Magware Magnetic Flatware - Single Set
184903,209.93,4.0,Mountain Hardwear PCT 55 L Pack - Men's
206781,524.93,0.0,Osprey UNLTD AntiGravity 64 Pack - Women's
204922,20.93,4.8,Hydro Flask Tandem Cooler Cup - 26 fl. oz.
187527,229.93,4.9,Gregory Kalmia 60 Pack - Women's Plus Sizes
114885,69.93,3.1,MSR Big Titan Kettle - 2 Liters
186661,209.93,4.7,Gregory Katmai 55 Pack - Men's
233757,44.73,0.0,Tifosi Davos Sunglasses
186662,229.93,4.8,Gregory Kalmia 60 Pack - Women's
201806,48.69,4.2,CamelBak Arete 14 Hydration Pack
126715,299.93,4.4,Osprey Ariel Pro 65 Pack - Women's
